pathway,dimension,weight
fast,d1,0.0020478177
fast,d1,-0.0010461946
fast,d1,0.0011765693
fast,d1,-0.0012938689
fast,d1,-0.00014965108
fast,d1,-0.00029335252
fast,d1,-0.008769026
fast,d1,-0.0034721964
fast,d1,0.0012679091
fast,d1,0.00012716294
fast,d1,0.00019917819
fast,d1,-0.00058051525
fast,d1,0.005247655
fast,d1,-6.1187275e-05
fast,d1,0.0025141884
fast,d1,0.00020883058
fast,d1,-6.684227e-05
fast,d1,0.0002225113
fast,d1,-0.6221974
fast,d1,-0.00062074244
fast,d1,2.9697141e-05
fast,d1,0.000103458064
fast,d1,0.0008261808
fast,d1,-0.00096251647
fast,d1,-0.0007923123
fast,d1,-0.00014642143
fast,d1,0.0008665046
fast,d1,0.000110987006
fast,d1,0.0007526076
fast,d1,-0.00029515405
fast,d1,0.00018566586
fast,d1,-0.00046109204
fast,d1,0.0004001715
fast,d1,0.00069498783
fast,d1,-0.00096478313
fast,d1,-0.00027303438
fast,d1,0.00089330866
fast,d1,-0.0011742639
fast,d1,0.0005899887
fast,d1,0.0003681669
fast,d1,-0.00016356376
fast,d1,-0.0017278458
fast,d1,0.0028563628
fast,d1,-3.547351e-05
fast,d1,-0.0004142432
fast,d1,0.00062538806
fast,d1,-0.008874594
fast,d1,0.00018123671
fast,d1,0.0014873252
fast,d1,-0.0008947217
fast,d1,0.00061234785
fast,d1,-0.00096184853
fast,d1,0.013074427
fast,d1,0.00011080756
fast,d1,0.0011646268
fast,d1,-0.00030135384
fast,d1,2.1811706e-05
fast,d1,-0.0002894573
fast,d1,-0.48316994
fast,d1,-0.0003040554
fast,d1,0.0007046459
fast,d1,-0.00023768598
fast,d1,-0.0007035172
fast,d1,-0.00014133262
fast,d1,-0.00042957548
fast,d1,0.0012585591
fast,d1,-0.00068416
fast,d1,0.0013348017
fast,d1,0.00042783603
fast,d1,0.00028651414
fast,d1,0.00093509036
fast,d1,6.35254e-05
fast,d1,-0.0008425638
fast,d1,-0.00012402696
fast,d1,-0.0005653302
fast,d1,0.00028203338
fast,d1,-0.00101939
fast,d1,0.00013958644
fast,d1,-0.0002529152
fast,d1,-0.0009180431
fast,d1,0.0015149245
fast,d1,-0.000681127
fast,d1,0.0016481353
fast,d1,-0.0005231195
fast,d1,-0.0007545927
fast,d1,0.0011387845
fast,d1,-0.0074035726
fast,d1,0.0003854548
fast,d1,0.0010204553
fast,d1,-0.0004315343
fast,d1,-0.00012236656
fast,d1,-0.0007576105
fast,d1,0.004550567
fast,d1,0.0001652902
fast,d1,0.0009751585
fast,d1,-0.00027884374
fast,d1,-0.00060590205
fast,d1,-0.0004935708
fast,d1,-0.34717047
fast,d1,-0.00031231827
fast,d1,0.00037872227
fast,d1,0.0002037673
fast,d1,-0.0019959216
fast,d1,-0.0005506172
fast,d1,-0.00045733002
fast,d1,0.0005937218
fast,d1,-0.0005466616
fast,d1,0.00055649085
fast,d1,0.00063436653
fast,d1,1.8203282e-05
fast,d1,0.0013434996
fast,d1,0.00094585534
fast,d1,-0.0010619436
fast,d1,0.00052471994
fast,d1,-0.00010938695
fast,d1,-0.00030564095
fast,d1,0.0015780408
fast,d1,-0.00024860562
fast,d1,0.00042709187
fast,d1,-8.4544015e-05
fast,d1,0.0020618392
fast,d1,-0.00018583477
fast,d1,-0.000119719654
fast,d1,-0.00026321696
fast,d1,0.0003016633
fast,d1,9.9801604e-05
fast,d1,-0.008631656
fast,d1,-5.7661382e-05
fast,d1,0.0010469836
fast,d1,-0.0002991188
fast,d1,0.00013282479
fast,d1,4.8815913e-05
fast,d1,0.005250645
fast,d1,0.00091107865
fast,d1,0.0027024928
fast,d1,-0.002384758
fast,d1,0.0016803308
fast,d1,0.0006382889
fast,d1,-0.5483868
fast,d1,-0.0002696719
fast,d1,-3.4576453e-05
fast,d1,0.00043321872
fast,d1,-0.00042468612
fast,d1,0.00021052122
fast,d1,-0.00061654026
fast,d1,0.0004463636
fast,d1,0.00066773756
fast,d1,0.00034636943
fast,d1,-3.960755e-06
fast,d1,0.00020859114
fast,d1,-0.00016057002
fast,d1,0.00017709448
fast,d1,-0.00025471143
fast,d1,0.00052218087
fast,d1,-0.0005273365
fast,d1,-0.0006734333
fast,d1,-0.00038654765
fast,d1,-1.9388157e-05
fast,d1,0.0014527235
fast,d1,0.0005583664
fast,d1,-0.000370031
fast,d1,-1.4887191e-06
fast,d1,-0.000702115
fast,d1,0.0007435996
fast,d1,0.0007366557
fast,d1,0.00025189703
fast,d1,-0.009402506
fast,d1,-0.00094779657
fast,d1,0.0005095018
fast,d1,-0.00043744204
fast,d1,-0.00038952212
fast,d1,0.00048556502
fast,d1,0.00516445
fast,d1,-0.0002222413
fast,d1,0.0012431988
fast,d1,-0.001568529
fast,d1,0.0008984852
fast,d1,0.0009026424
fast,d1,-0.6345573
fast,d1,-0.00067668717
fast,d1,0.0004982415
fast,d1,-0.0004515562
fast,d1,-0.0018808512
fast,d1,9.703508e-06
fast,d1,0.0008636832
fast,d1,0.0020670027
fast,d1,0.0014612023
fast,d1,-0.0013389268
fast,d1,0.000824701
fast,d1,4.467633e-05
fast,d1,-0.00021515685
fast,d1,-0.00052017055
fast,d1,-0.00088298105
fast,d1,0.0005462773
fast,d1,5.161995e-05
fast,d1,0.00026279935
fast,d1,0.0007464361
fast,d1,-0.0002021523
fast,d1,-0.0006342488
fast,d1,0.00046395033
fast,d1,-0.00010953254
fast,d1,0.00044177735
fast,d1,0.0025041641
fast,d1,0.00061413023
fast,d1,0.000251457
fast,d1,0.0007506945
fast,d1,-0.006219691
fast,d1,-0.00088656484
fast,d1,0.00020430253
fast,d1,-0.000391807
fast,d1,-0.00081787386
fast,d1,0.0009488675
fast,d1,0.024052795
fast,d1,-0.0004879511
fast,d1,0.0027724998
fast,d1,0.00046562724
fast,d1,0.00019081478
fast,d1,-1.6882026e-05
fast,d1,-0.5044486
fast,d1,-0.00027310816
fast,d1,-0.00041341796
fast,d1,0.00042550103
fast,d1,-0.00025647736
fast,d1,0.00032220857
fast,d1,-0.000328845
fast,d1,0.00093586807
fast,d1,-0.00035270737
fast,d1,0.00058317103
fast,d1,-0.00021017231
fast,d1,2.9406288e-05
fast,d1,-0.00022505302
fast,d1,0.00049977476
fast,d1,0.0003463177
fast,d1,-0.0011715812
fast,d1,-4.29168e-05
fast,d1,0.00033555945
fast,d1,-0.00075995893
fast,d1,0.00026535164
fast,d1,-9.2765375e-05
fast,d1,-0.00015152089
fast,d1,0.00011850358
fast,d1,-0.00068228523
fast,d1,-3.2652257e-05
fast,d1,0.0008513286
fast,d1,-0.00033907717
fast,d1,0.00035018777
fast,d1,-0.009005768
fast,d1,-0.0013408056
fast,d1,0.0015836633
fast,d1,-0.00033121905
fast,d1,-0.00097005104
fast,d1,0.00073178957
fast,d1,0.104200535
fast,d1,0.00086450734
fast,d1,0.0012800493
fast,d1,-0.002003868
fast,d1,0.00078840717
fast,d1,0.00070493994
fast,d1,-0.36233422
fast,d1,0.0007832364
fast,d1,-0.0002697526
fast,d1,-0.00011042459
fast,d1,-0.00017992572
fast,d1,-0.00051922665
fast,d1,0.0005117959
fast,d1,0.00059053843
fast,d1,0.00012012746
fast,d1,-0.0003958752
fast,d1,-3.09154e-05
fast,d1,0.00027178123
fast,d1,-0.0006449963
fast,d1,-0.0003732826
fast,d1,-0.00033578608
fast,d1,-0.00012657212
fast,d1,-0.00043226563
fast,d1,-0.000910943
fast,d1,0.00020261377
fast,d1,-0.000254241
fast,d1,-0.00044041694
fast,d1,0.0007635566
fast,d1,0.00056751247
fast,d1,-0.00078250153
fast,d1,0.00029204309
fast,d1,3.1648306e-05
fast,d1,0.000663091
fast,d1,-0.00011249643
fast,d1,-0.008645104
fast,d1,-0.00080150145
fast,d1,0.00034914486
fast,d1,0.00043167293
fast,d1,-0.00060548366
fast,d1,0.0006790996
fast,d1,0.004398792
fast,d1,-0.00015615344
fast,d1,0.0019729221
fast,d1,0.00049498497
fast,d1,-6.637178e-05
fast,d1,0.00024929355
fast,d1,-0.35817766
fast,d1,-0.00015901017
fast,d1,0.00026048202
fast,d1,0.0006229552
fast,d1,0.0005888359
fast,d1,-0.00056738395
fast,d1,0.00041325303
fast,d1,-1.9856983e-05
fast,d1,0.0015358296
fast,d1,-0.0006457825
fast,d1,0.00021003973
fast,d1,-0.00036338152
fast,d1,0.0008838534
fast,d1,8.496773e-05
fast,d1,0.0006891223
fast,d1,0.0009786175
fast,d1,-0.00035709387
fast,d1,0.0006867109
fast,d1,-0.0006588571
fast,d1,0.00075224706
fast,d1,-5.764961e-05
fast,d1,0.0006688298
fast,d1,0.000806068
fast,d1,-0.0018119607
fast,d1,-0.00041732457
fast,d1,-0.0007608117
fast,d1,8.422573e-05
fast,d1,0.00044912662
fast,d1,-0.009630679
fast,d1,-0.00023891366
fast,d1,0.000645211
fast,d1,0.00088024425
fast,d1,0.00011865818
fast,d1,0.00074429123
fast,d1,0.1141575
fast,d1,0.00028594036
fast,d1,0.0012510199
fast,d1,5.435961e-05
fast,d1,2.0280771e-05
fast,d1,0.00019757665
fast,d1,-0.37240556
fast,d1,0.0003879499
fast,d1,-3.2872777e-05
fast,d1,0.00045298602
fast,d1,0.00035773683
fast,d1,-0.0002663435
fast,d1,0.0005173518
fast,d1,0.00049664325
fast,d1,0.0006799277
fast,d1,0.0005540649
fast,d1,-0.0002231322
fast,d1,5.4125063e-05
fast,d1,-0.00094310497
fast,d1,0.00038385717
fast,d1,0.0009533691
fast,d1,0.0008590783
fast,d1,0.00027199654
fast,d1,-4.1881925e-05
fast,d1,0.00046005985
fast,d1,-0.00027834697
fast,d1,-0.00031083656
fast,d1,0.0010823742
fast,d1,-0.00048445055
fast,d1,0.00045481132
fast,d1,0.0031846848
fast,d1,-0.00031134536
fast,d1,-0.0003812812
fast,d1,-0.0004517369
fast,d1,-0.008452097
fast,d1,-0.0011118968
fast,d1,-0.0010126432
fast,d1,0.00030891292
fast,d1,0.00042717948
fast,d1,-0.0003377032
fast,d1,0.0044778446
fast,d1,-2.2135559e-05
fast,d1,0.002319723
fast,d1,-0.0006444852
fast,d1,0.0001969283
fast,d1,-0.00027919558
fast,d1,-0.35599732
fast,d1,0.00047550368
fast,d1,-0.0006757704
fast,d1,-0.0004833031
fast,d1,0.0006710291
fast,d1,-0.0007589259
fast,d1,-0.0004690457
fast,d1,-0.0005371048
fast,d1,-0.0002329495
fast,d1,-0.00024497506
fast,d1,-0.00023846849
fast,d1,4.7948764e-05
fast,d1,0.0011352578
fast,d1,-0.0006773259
fast,d1,-1.3141107e-05
fast,d1,0.0004175445
fast,d1,-0.0008388988
fast,d1,1.0065167e-05
fast,d1,0.00016099738
fast,d1,-0.0003188958
fast,d1,-0.0017709828
fast,d1,-0.0006525123
fast,d1,3.9363164e-05
fast,d1,0.0004789313
fast,d1,0.0026449605
fast,d1,-0.0002676612
fast,d1,-0.00078379246
fast,d1,-0.00018297185
fast,d1,-0.007865763
fast,d1,8.7920576e-05
fast,d1,-0.0011164193
fast,d1,0.00052164716
fast,d1,-0.0012091319
fast,d1,-0.00041555593
fast,d1,0.0048143063
fast,d1,0.000484718
fast,d1,0.0029678554
fast,d1,0.00026216317
fast,d1,-7.666275e-05
fast,d1,-0.00037325415
fast,d1,-0.36488608
fast,d1,0.0006337398
fast,d1,-0.00096042774
fast,d1,-0.00059221504
fast,d1,1.1339958e-05
fast,d1,-0.00083141675
fast,d1,0.0004846348
fast,d1,0.0008090452
fast,d1,0.0007860024
fast,d1,-0.000216779
fast,d1,6.0230173e-05
fast,d1,6.6171633e-06
fast,d1,0.00035651244
fast,d1,0.00038206545
fast,d1,-0.00060870475
fast,d1,0.00049572263
fast,d1,-0.00019488345
fast,d1,0.00070647855
fast,d1,0.0014214374
fast,d1,0.0010006143
fast,d1,-0.00013355189
fast,d1,0.00038284756
fast,d1,0.002010102
fast,d1,-0.00013531008
fast,d1,-0.00018025519
fast,d1,0.00032946886
fast,d1,-4.5981957e-05
fast,d1,-0.0006257394
fast,d1,-0.0064234016
fast,d1,-0.001179016
fast,d1,-0.00062646565
fast,d1,0.0007318523
fast,d1,0.0006761426
fast,d1,-0.0004170859
fast,d1,0.0035989056
fast,d1,-0.0008854767
fast,d1,0.0012129454
fast,d1,-0.0003804856
fast,d1,0.00055596244
fast,d1,0.00012436401
fast,d1,-0.553765
fast,d1,-0.0011711563
fast,d1,0.0018177212
fast,d1,0.00028514286
fast,d1,0.00096481823
fast,d1,-0.000102589795
fast,d1,-0.0007469603
fast,d1,-0.00016742936
fast,d1,-0.00024556718
fast,d1,0.0007946078
fast,d1,0.00024485542
fast,d1,-0.00014072971
fast,d1,-0.00054169446
fast,d1,2.785935e-05
fast,d1,-3.0067866e-05
fast,d1,0.00021065597
fast,d1,0.0011510313
fast,d1,-0.00014099365
fast,d1,-0.0011539409
fast,d1,0.0003991104
fast,d1,-0.00073087146
fast,d1,0.00010917342
fast,d1,-0.00035235938
fast,d1,-0.0002466432
fast,d1,-0.00040513286
fast,d1,0.00021044968
fast,d1,-0.0002179856
fast,d1,-0.00042759784
fast,d1,-0.008080237
fast,d1,0.000172459
fast,d1,0.00090953655
fast,d1,-0.00012654738
fast,d1,-0.00015283862
fast,d1,-0.0015333777
fast,d1,0.0044705593
fast,d1,0.00021897751
fast,d1,0.0025513615
fast,d1,-0.00022346928
fast,d1,0.00057835365
fast,d1,-0.00047819337
fast,d1,-0.5648201
fast,d1,0.00066504045
fast,d1,0.00068033265
fast,d1,-0.0007022365
fast,d1,-0.0010133383
fast,d1,-4.9551745e-05
fast,d1,0.000335356
fast,d1,-0.0009272473
fast,d1,-0.0002611513
fast,d1,-0.00012281012
fast,d1,3.6769416e-05
fast,d1,-0.00069804216
fast,d1,-0.00035123085
fast,d1,-0.0010709319
fast,d1,-0.0006178314
fast,d1,-0.00047780733
fast,d1,0.0005546265
fast,d1,-0.00053589675
fast,d1,0.00027851202
fast,d1,-0.00023850854
fast,d1,-5.217268e-05
fast,d1,0.00074355496
fast,d1,0.0007510884
fast,d1,-0.0007012369
fast,d1,0.0021932242
fast,d1,0.0006261286
fast,d1,0.0011996288
fast,d1,-7.5604476e-05
fast,d1,-0.009049529
fast,d1,8.4825995e-05
fast,d1,0.0011591907
fast,d1,-0.0005786228
fast,d1,-0.00015230119
fast,d1,0.0014285132
fast,d1,0.00455621
fast,d1,0.0010340031
fast,d1,0.0011254214
fast,d1,-0.0029311175
fast,d1,-0.0004025502
fast,d1,-0.0007679296
fast,d1,-0.45765415
fast,d1,-0.00016924375
fast,d1,-0.00046290283
fast,d1,-0.00063430006
fast,d1,-0.00029562175
fast,d1,0.0001970717
fast,d1,0.00083322014
fast,d1,7.207578e-06
fast,d1,0.00010088319
fast,d1,2.3705652e-06
fast,d1,0.0009122229
fast,d1,-0.0009799417
fast,d1,0.0005064871
fast,d1,-0.0015243618
fast,d1,0.0004577101
fast,d1,-0.00066797255
fast,d1,0.00010802329
fast,d1,0.0007331311
fast,d1,0.00068987964
fast,d1,0.000727772
fast,d1,-0.00080551486
fast,d1,0.00033786416
fast,d1,0.001516358
fast,d1,-0.0002747642
fast,d1,-0.00039597193
fast,d1,0.0002951498
fast,d1,-0.0012934629
fast,d1,0.00033289005
fast,d1,-0.0066229766
fast,d1,-0.0021315555
fast,d1,0.0010722133
fast,d1,-5.8128753e-06
fast,d1,0.0006524805
fast,d1,0.0013337154
fast,d1,0.005339786
fast,d1,0.0010894997
fast,d1,0.0017880693
fast,d1,0.0008743531
fast,d1,0.0009612927
fast,d1,-0.00070485205
fast,d1,-0.46555567
fast,d1,0.00020486955
fast,d1,0.0006981577
fast,d1,-0.00020213384
fast,d1,0.00033480074
fast,d1,0.00045537952
fast,d1,0.000741856
fast,d1,0.0003455668
fast,d1,-0.00020038438
fast,d1,-0.0007875273
fast,d1,-0.00036778345
fast,d1,2.0669831e-06
fast,d1,0.0004083507
fast,d1,0.00055458443
fast,d1,0.0004194937
fast,d1,8.7638575e-05
fast,d1,-0.001150776
fast,d1,0.00029872943
fast,d1,0.0004401019
fast,d1,-0.00069916877
fast,d1,-0.0020349366
fast,d1,-0.00033800045
fast,d2,0.005874893
fast,d2,0.0005647445
fast,d2,-5.1657407e-05
fast,d2,0.0010342514
fast,d2,0.0006286204
fast,d2,-0.00027670088
fast,d2,-0.013926176
fast,d2,-0.010420112
fast,d2,0.00012403808
fast,d2,0.00037734612
fast,d2,0.00048204756
fast,d2,4.0132843e-05
fast,d2,0.002007398
fast,d2,-0.00034727913
fast,d2,-0.004587643
fast,d2,-0.006193945
fast,d2,-0.0006446665
fast,d2,-0.0013645394
fast,d2,-0.14781961
fast,d2,-0.0005665894
fast,d2,0.0013486474
fast,d2,-1.41333585e-05
fast,d2,0.0006766427
fast,d2,-0.00013542839
fast,d2,-0.00082311
fast,d2,-0.0007018179
fast,d2,0.0022132897
fast,d2,-0.00017214683
fast,d2,8.550813e-05
fast,d2,-0.00077156664
fast,d2,-0.00021014267
fast,d2,-0.00020408104
fast,d2,0.0013179535
fast,d2,0.0012388712
fast,d2,0.00010362088
fast,d2,-0.00028633067
fast,d2,0.006867679
fast,d2,0.00041938992
fast,d2,-0.00065404945
fast,d2,0.00041035167
fast,d2,0.0028688763
fast,d2,-1.3641416e-05
fast,d2,-0.00063626503
fast,d2,0.00023732602
fast,d2,0.0007308023
fast,d2,0.0002649011
fast,d2,-0.013822979
fast,d2,-0.0022322785
fast,d2,0.0007973427
fast,d2,-0.00070985215
fast,d2,3.337217e-05
fast,d2,-0.00027643674
fast,d2,0.0018840642
fast,d2,-0.00025594517
fast,d2,-0.006118364
fast,d2,-0.0029505782
fast,d2,0.00014440021
fast,d2,-0.00042205874
fast,d2,-0.029217348
fast,d2,-0.00045964046
fast,d2,0.00081719866
fast,d2,0.00014766195
fast,d2,0.0004937893
fast,d2,0.0011808294
fast,d2,-0.0012822716
fast,d2,-0.0008630593
fast,d2,0.003692899
fast,d2,-0.0014324946
fast,d2,0.0002161272
fast,d2,0.0015387326
fast,d2,-0.00020514367
fast,d2,0.0010408175
fast,d2,-0.00033121402
fast,d2,-0.0017333783
fast,d2,-0.0017121115
fast,d2,-0.00043850072
fast,d2,0.00446536
fast,d2,0.0010582362
fast,d2,-3.1630334e-05
fast,d2,-0.00029089814
fast,d2,0.0051488946
fast,d2,0.00079241424
fast,d2,0.00043162925
fast,d2,-5.8415113e-05
fast,d2,-1.8156134e-05
fast,d2,0.00013793941
fast,d2,-0.01251928
fast,d2,-0.010477239
fast,d2,-0.0008848688
fast,d2,-0.00047426036
fast,d2,0.0005463696
fast,d2,0.0002808506
fast,d2,0.0019375655
fast,d2,-0.0008372737
fast,d2,-0.0059021995
fast,d2,-0.0029189577
fast,d2,-0.00038988664
fast,d2,-0.0009496549
fast,d2,-0.13062043
fast,d2,-0.00066572963
fast,d2,0.0009799018
fast,d2,-0.0002078042
fast,d2,-4.5529683e-05
fast,d2,0.0006669811
fast,d2,-0.001530584
fast,d2,0.00050016644
fast,d2,0.0032332505
fast,d2,0.0009990018
fast,d2,-0.0011159228
fast,d2,0.0013367124
fast,d2,0.0010306599
fast,d2,-0.00022106367
fast,d2,0.0007272813
fast,d2,0.0001090398
fast,d2,-6.832855e-05
fast,d2,-0.00021882076
fast,d2,0.00614997
fast,d2,-0.00011167971
fast,d2,-6.745728e-05
fast,d2,0.00017704704
fast,d2,0.0051913173
fast,d2,-0.0031095587
fast,d2,0.00045193004
fast,d2,-0.00024157076
fast,d2,-0.00041536632
fast,d2,-0.00044001616
fast,d2,-0.014007776
fast,d2,-0.006028669
fast,d2,0.0011574806
fast,d2,0.0007448195
fast,d2,-0.00019097782
fast,d2,0.0005732722
fast,d2,0.0015397869
fast,d2,-0.00024173112
fast,d2,-0.0044187405
fast,d2,-0.0073254
fast,d2,-0.00036677494
fast,d2,0.0005850728
fast,d2,-0.023655469
fast,d2,-0.00094350334
fast,d2,-0.00029482122
fast,d2,-6.0108316e-05
fast,d2,-0.0003164739
fast,d2,2.0116277e-05
fast,d2,-0.0012663656
fast,d2,-5.776911e-05
fast,d2,0.0033341418
fast,d2,-6.946093e-05
fast,d2,-0.00070228614
fast,d2,-4.08318e-05
fast,d2,-0.0001128118
fast,d2,-0.00019068543
fast,d2,0.0015873262
fast,d2,0.00021461594
fast,d2,0.00015020004
fast,d2,-0.0006765259
fast,d2,0.0053581498
fast,d2,0.00032020567
fast,d2,-0.0005117134
fast,d2,0.0003001357
fast,d2,0.0032411388
fast,d2,-0.00071762636
fast,d2,-0.00036222406
fast,d2,-0.00022269698
fast,d2,-0.00083616294
fast,d2,-0.00014423707
fast,d2,-0.012935783
fast,d2,-0.0033065842
fast,d2,-0.0012494349
fast,d2,0.0006877419
fast,d2,-0.00082677713
fast,d2,-0.0007467575
fast,d2,0.0019502536
fast,d2,-0.0013281619
fast,d2,-0.007126969
fast,d2,-0.005372992
fast,d2,-0.00040434714
fast,d2,0.0005533568
fast,d2,-0.02485124
fast,d2,0.0005821999
fast,d2,4.5496257e-05
fast,d2,0.00012231307
fast,d2,0.00066870154
fast,d2,0.00122471
fast,d2,0.0008675947
fast,d2,5.1828756e-05
fast,d2,0.0011147398
fast,d2,-0.00031386103
fast,d2,1.4452846e-05
fast,d2,-0.00029937483
fast,d2,0.00045084173
fast,d2,-0.0005044616
fast,d2,0.00028372652
fast,d2,0.00093861355
fast,d2,0.0002799661
fast,d2,-2.0645006e-05
fast,d2,0.005325245
fast,d2,-5.3345982e-05
fast,d2,0.00020354707
fast,d2,-0.0005148793
fast,d2,0.0027428514
fast,d2,0.00060132035
fast,d2,-0.0004296861
fast,d2,-6.8245135e-06
fast,d2,0.0017285272
fast,d2,-0.0028200115
fast,d2,-0.015131451
fast,d2,-0.0093138665
fast,d2,0.0011361656
fast,d2,0.00048746172
fast,d2,8.480818e-05
fast,d2,7.584905e-05
fast,d2,0.0017211698
fast,d2,0.00094140973
fast,d2,-0.0067938594
fast,d2,-0.0063242023
fast,d2,0.0006752326
fast,d2,0.00122014
fast,d2,-0.034246147
fast,d2,-0.0015462379
fast,d2,0.00038303967
fast,d2,3.5319128e-05
fast,d2,0.00027673296
fast,d2,-0.00051682704
fast,d2,-0.00041890392
fast,d2,-0.00026884276
fast,d2,-0.00017399315
fast,d2,3.96916e-05
fast,d2,0.00074906566
fast,d2,-0.0017555334
fast,d2,-0.0002762918
fast,d2,0.00072822615
fast,d2,-0.00021935282
fast,d2,5.731493e-05
fast,d2,-1.111842e-05
fast,d2,-0.0010627111
fast,d2,0.0064922525
fast,d2,0.0010428508
fast,d2,-3.5440113e-05
fast,d2,0.00030278668
fast,d2,0.0003312792
fast,d2,-0.0005022694
fast,d2,-0.0005739595
fast,d2,0.0005615886
fast,d2,-0.00032059796
fast,d2,0.00079308636
fast,d2,-0.014153119
fast,d2,-0.0056701913
fast,d2,0.000993249
fast,d2,0.00065231574
fast,d2,-5.3479744e-05
fast,d2,0.0006515517
fast,d2,0.0017258715
fast,d2,-0.0010882504
fast,d2,-0.004724172
fast,d2,-0.0053264736
fast,d2,0.0008367729
fast,d2,0.0008541439
fast,d2,-0.030945774
fast,d2,0.00062220433
fast,d2,0.0010588388
fast,d2,-0.0010464562
fast,d2,-0.0043301787
fast,d2,0.0015757482
fast,d2,0.0008865807
fast,d2,-0.00027230073
fast,d2,0.0014112398
fast,d2,-0.0007732887
fast,d2,-0.00033272337
fast,d2,0.0009246004
fast,d2,-0.0013070193
fast,d2,0.0006264354
fast,d2,-0.00075417454
fast,d2,-0.00029788952
fast,d2,0.00011246675
fast,d2,-0.0009388201
fast,d2,0.004321628
fast,d2,0.0010412047
fast,d2,-0.0009778421
fast,d2,0.00012609857
fast,d2,0.004907118
fast,d2,-0.0012999023
fast,d2,-0.00040939252
fast,d2,-0.00036885275
fast,d2,-0.0005219284
fast,d2,-0.0003192335
fast,d2,-0.015505495
fast,d2,-0.004044808
fast,d2,0.0009241507
fast,d2,0.00037084048
fast,d2,-0.00026719196
fast,d2,0.00027631078
fast,d2,0.0019081688
fast,d2,-0.00034133074
fast,d2,-0.00555896
fast,d2,-0.0063186847
fast,d2,-0.00052070187
fast,d2,0.00023303798
fast,d2,-0.23461105
fast,d2,0.00070495124
fast,d2,0.0005839495
fast,d2,-0.0010050155
fast,d2,0.0004360419
fast,d2,-0.00038233114
fast,d2,0.00044403557
fast,d2,6.252341e-05
fast,d2,-0.00024608034
fast,d2,0.0013230646
fast,d2,0.000699481
fast,d2,-0.00023633352
fast,d2,-0.00011255941
fast,d2,0.00035976057
fast,d2,0.0002006662
fast,d2,-0.0004257074
fast,d2,-0.00021397161
fast,d2,0.00016102681
fast,d2,0.004327222
fast,d2,0.0005692417
fast,d2,-0.0008002677
fast,d2,0.00032274402
fast,d2,0.0044726892
fast,d2,-0.0017430482
fast,d2,-0.00012897921
fast,d2,0.00060052326
fast,d2,0.0009860191
fast,d2,-0.0018191842
fast,d2,-0.014101195
fast,d2,-0.0073948572
fast,d2,0.0019746157
fast,d2,-0.0009814667
fast,d2,-0.00078292965
fast,d2,0.00089947804
fast,d2,0.0019792297
fast,d2,0.00016509328
fast,d2,-0.004406967
fast,d2,-0.0069155265
fast,d2,-0.00010368042
fast,d2,-0.0003881812
fast,d2,-0.019258942
fast,d2,0.00023338302
fast,d2,0.00064350024
fast,d2,0.00047933628
fast,d2,0.00076314854
fast,d2,0.00029173918
fast,d2,5.384395e-05
fast,d2,-0.00024104369
fast,d2,0.0009862618
fast,d2,-0.00051115354
fast,d2,0.00037389665
fast,d2,0.0005829858
fast,d2,0.0007779661
fast,d2,0.001652437
fast,d2,-0.00031075886
fast,d2,-0.00014444339
fast,d2,-0.0008264549
fast,d2,-0.00055499095
fast,d2,0.005241854
fast,d2,0.0002214073
fast,d2,2.050455e-05
fast,d2,0.00034216675
fast,d2,0.0039074435
fast,d2,-0.0012170952
fast,d2,-5.0703064e-05
fast,d2,0.00029598296
fast,d2,-0.00021994393
fast,d2,-0.0004234334
fast,d2,-0.012942588
fast,d2,-0.0015793262
fast,d2,0.0005812578
fast,d2,0.00054079015
fast,d2,0.00017109094
fast,d2,-0.0005034708
fast,d2,0.0018765307
fast,d2,0.00011980324
fast,d2,-0.0049196314
fast,d2,-0.0047899866
fast,d2,0.0003653432
fast,d2,-0.00078814494
fast,d2,-0.20112033
fast,d2,-0.0009077542
fast,d2,-0.0002362993
fast,d2,-0.00089190784
fast,d2,-0.0001030952
fast,d2,-0.00012837932
fast,d2,-0.0010431518
fast,d2,1.8985767e-05
fast,d2,-0.0002994832
fast,d2,-8.459791e-05
fast,d2,-0.000519456
fast,d2,0.00024934253
fast,d2,-0.0011038785
fast,d2,0.0001900603
fast,d2,3.8798586e-05
fast,d2,0.00023370047
fast,d2,-9.437693e-05
fast,d2,7.543419e-05
fast,d2,0.003278562
fast,d2,-0.00013980421
fast,d2,-0.00089498435
fast,d2,-5.709048e-05
fast,d2,0.006499525
fast,d2,-0.0039286017
fast,d2,-0.0007300123
fast,d2,-0.0014895629
fast,d2,5.8717545e-05
fast,d2,0.0005870031
fast,d2,-0.014449761
fast,d2,-0.006201108
fast,d2,0.0008976569
fast,d2,0.0008265524
fast,d2,0.0002725551
fast,d2,6.672024e-05
fast,d2,0.0019123951
fast,d2,-0.0002853201
fast,d2,-0.00719288
fast,d2,-0.0062621427
fast,d2,-0.0011953806
fast,d2,-0.0004613024
fast,d2,-0.030074261
fast,d2,0.00017783238
fast,d2,0.0005963971
fast,d2,0.00077496294
fast,d2,-0.0007607799
fast,d2,-0.00022894668
fast,d2,7.794087e-05
fast,d2,0.0002532267
fast,d2,0.0010419831
fast,d2,0.00054695155
fast,d2,0.00044343484
fast,d2,-0.0005877816
fast,d2,-0.0009769836
fast,d2,-7.2637675e-05
fast,d2,0.00025091908
fast,d2,-0.00011318119
fast,d2,-0.00070891064
fast,d2,-0.00016867404
fast,d2,0.005149451
fast,d2,-0.0011079961
fast,d2,-0.0012408299
fast,d2,0.00019070256
fast,d2,0.002663544
fast,d2,-0.0021366235
fast,d2,0.001890344
fast,d2,-0.00025106053
fast,d2,0.00014555921
fast,d2,0.0002471619
fast,d2,-0.013503171
fast,d2,-0.00076928816
fast,d2,0.0006494577
fast,d2,0.00044233937
fast,d2,-0.00057037105
fast,d2,0.00052811287
fast,d2,0.0019424914
fast,d2,-0.0009714449
fast,d2,-0.0066963737
fast,d2,-0.0029117023
fast,d2,0.00036532764
fast,d2,0.0008034899
fast,d2,-0.024224244
fast,d2,-0.0013653352
fast,d2,0.00065207045
fast,d2,0.0007791349
fast,d2,-0.0006613907
fast,d2,-1.00253965e-05
fast,d2,-0.0003831801
fast,d2,8.112105e-05
fast,d2,0.0010733105
fast,d2,-0.00016201372
fast,d2,-2.2981316e-05
fast,d2,0.0011740603
fast,d2,0.00010362611
fast,d2,-0.0004062308
fast,d2,0.00022158498
fast,d2,1.7761486e-06
fast,d2,-0.0005135138
fast,d2,0.0011182451
fast,d2,0.0048816507
fast,d2,-0.0005018483
fast,d2,0.0004451747
fast,d2,0.00020051142
fast,d2,0.004453737
fast,d2,-0.0009926418
fast,d2,-0.0003880114
fast,d2,0.00033990643
fast,d2,0.0003819871
fast,d2,0.00080201135
fast,d2,-0.014420504
fast,d2,-0.0050826776
fast,d2,1.52151915e-05
fast,d2,-8.871846e-05
fast,d2,-0.0006132877
fast,d2,0.0006090037
fast,d2,0.0018749577
fast,d2,-0.00028866943
fast,d2,-0.005214913
fast,d2,-0.0014950443
fast,d2,-8.066889e-05
fast,d2,-0.0008597454
fast,d2,-0.024512958
fast,d2,-0.00081592705
fast,d2,-0.000100315956
fast,d2,-2.1067652e-05
fast,d2,0.0005777046
fast,d2,0.00039392506
fast,d2,-0.00092876307
fast,d2,0.0017630191
fast,d2,-0.00085160893
fast,d2,0.0006297293
fast,d2,-0.0007746446
fast,d2,0.0015427567
fast,d2,-0.00052763434
fast,d2,1.9157887e-05
fast,d2,0.0004332198
fast,d2,0.00014638819
fast,d2,-6.7461806e-05
fast,d2,-0.00030904158
fast,d2,0.006282106
fast,d2,-0.0008945506
fast,d2,-0.0008181559
fast,d2,6.426264e-06
fast,d2,0.002857091
fast,d2,0.0007831464
fast,d2,-0.00061855715
fast,d2,8.0410624e-05
fast,d2,3.386612e-05
fast,d2,-3.302665e-05
fast,d2,-0.014647163
fast,d2,-0.0011677614
fast,d2,0.0007856902
fast,d2,-0.002211525
fast,d2,-0.00038335388
fast,d2,0.00021517999
fast,d2,0.0017272998
fast,d2,-0.000105106636
fast,d2,-0.0042969733
fast,d2,-0.007672176
fast,d2,-0.00019407348
fast,d2,-0.0014858277
fast,d2,-0.031296507
fast,d2,-0.0010702155
fast,d2,0.00043552823
fast,d2,0.0004565803
fast,d2,-0.0026795203
fast,d2,0.00018232659
fast,d2,-0.00018591312
fast,d2,8.002273e-05
fast,d2,0.00011219457
fast,d2,-0.00026431296
fast,d2,0.00045486088
fast,d2,-0.0005394799
fast,d2,0.00075118255
fast,d2,-3.951078e-06
fast,d2,-0.000704351
fast,d2,-0.00013724557
fast,d2,0.00020911443
fast,d2,-0.00034446333
fast,d2,0.005497578
fast,d2,0.00036911317
fast,d2,0.00063160894
fast,d2,0.00061471475
fast,d2,0.001674397
fast,d2,-0.0012532147
fast,d2,0.0008342881
fast,d2,-0.0003611578
fast,d2,-0.0009047488
fast,d2,-0.00039484134
fast,d2,-0.014650705
fast,d2,-0.0035959156
fast,d2,0.0008153078
fast,d2,-0.00018920389
fast,d2,0.00011732784
fast,d2,-0.0006506523
fast,d2,0.002014945
fast,d2,0.00046944633
fast,d2,-0.0049034143
fast,d2,-0.005643872
fast,d2,0.00043439094
fast,d2,-0.00042565842
fast,d2,-0.09344775
fast,d2,0.0008890125
fast,d2,-0.00059719465
fast,d2,0.00064091815
fast,d2,-0.00052089413
fast,d2,0.0005137471
fast,d2,-0.0007739675
fast,d2,-1.9364874e-05
fast,d2,0.003188951
fast,d2,-0.0009008387
fast,d2,0.00048183155
fast,d2,-8.0534024e-05
fast,d2,0.00070999877
fast,d2,-0.00065609027
fast,d2,-8.3117535e-05
fast,d2,-0.0006142774
fast,d2,-0.0014113665
fast,d2,-0.0015639304
fast,d2,0.004353943
fast,d2,0.00019217044
fast,d2,0.00030520099
fast,d2,-0.00014883842
slow,d1,-0.09906903
slow,d1,-0.21071315
slow,d1,0.2198186
slow,d1,-0.042117085
slow,d1,-0.079526424
slow,d1,0.030991765
slow,d1,0.23723629
slow,d1,0.12880078
slow,d1,-0.04189491
slow,d1,0.22816113
slow,d1,0.1559359
slow,d1,-0.12956804
slow,d1,-0.2599007
slow,d1,0.1666312
slow,d1,0.06419294
slow,d1,-0.2807449
slow,d1,-0.29969814
slow,d1,0.15281667
slow,d1,0.25024775
slow,d1,0.23666127
slow,d1,-0.015679946
slow,d1,-0.043012775
slow,d1,-0.07190444
slow,d1,-0.032724686
slow,d1,0.023632264
slow,d1,-0.17626716
slow,d1,0.115377866
slow,d1,-0.26681942
slow,d1,0.3035305
slow,d1,-0.30393094
slow,d1,-0.14025061
slow,d1,0.26051298
slow,d1,-0.22942585
slow,d1,0.0056322785
slow,d1,-0.261145
slow,d1,0.06044993
slow,d1,-0.24252771
slow,d1,0.13494073
slow,d1,-0.21695405
slow,d1,0.14707626
slow,d1,-0.0815035
slow,d1,0.12920104
slow,d1,0.0650129
slow,d1,0.12598221
slow,d1,0.26855212
slow,d1,0.0057106693
slow,d1,0.019516189
slow,d1,-0.1466417
slow,d1,0.21046399
slow,d1,0.20042154
slow,d1,0.25579095
slow,d1,0.1460142
slow,d1,0.1456691
slow,d1,0.29014665
slow,d1,0.25654227
slow,d1,0.019910792
slow,d1,-0.22136605
slow,d1,0.03646173
slow,d1,0.18657541
slow,d1,0.14715283
slow,d1,-0.23801434
slow,d1,-0.13672781
slow,d1,0.15638992
slow,d1,-0.08716058
slow,d1,0.02634808
slow,d1,0.018311247
slow,d1,-0.17112254
slow,d1,0.20882979
slow,d1,-0.09358245
slow,d1,0.24495263
slow,d1,0.15013807
slow,d1,0.008443126
slow,d1,-0.10098153
slow,d1,0.22132881
slow,d1,0.2582196
slow,d1,0.14739215
slow,d1,0.23653743
slow,d1,0.2148443
slow,d1,-0.15159716
slow,d1,0.052549034
slow,d1,0.01041647
slow,d1,-0.041725162
slow,d1,0.26054865
slow,d1,0.105095856
slow,d1,-0.2336599
slow,d1,0.032614008
slow,d1,0.044334088
slow,d1,0.2045668
slow,d1,0.11987096
slow,d1,-0.043211102
slow,d1,-0.06544567
slow,d1,-0.08469063
slow,d1,-0.08154241
slow,d1,-0.14005157
slow,d1,0.25357077
slow,d1,0.1664667
slow,d1,-0.14292921
slow,d1,-0.16116652
slow,d1,-0.08730999
slow,d1,-0.04236971
slow,d1,0.27708915
slow,d1,-0.10867707
slow,d1,0.14800188
slow,d1,0.065712914
slow,d1,-0.013254363
slow,d1,-0.30467388
slow,d1,-0.24525973
slow,d1,-0.07274134
slow,d1,0.21056761
slow,d1,0.16924079
slow,d1,0.18075813
slow,d1,0.21563295
slow,d1,-0.19040623
slow,d1,-0.015971748
slow,d1,0.049060058
slow,d1,0.26946297
slow,d1,0.1542473
slow,d1,-0.17385344
slow,d1,-0.014780475
slow,d1,0.060484912
slow,d1,-0.026350625
slow,d1,0.15683681
slow,d1,-0.11500347
slow,d1,-0.26616883
slow,d1,0.17028472
slow,d1,-0.0030861823
slow,d1,-0.08210437
slow,d1,0.102424316
slow,d1,0.04800638
slow,d1,0.016799705
slow,d1,0.025177266
slow,d1,-0.12499153
slow,d1,0.03807872
slow,d1,0.04535926
slow,d1,0.07768666
slow,d1,-0.015340451
slow,d1,0.06777481
slow,d1,0.15007891
slow,d1,-0.19137384
slow,d1,0.11415461
slow,d1,0.23787041
slow,d1,-0.11172052
slow,d1,0.29081294
slow,d1,-0.04412649
slow,d1,0.23739317
slow,d1,0.21170273
slow,d1,0.29593182
slow,d1,0.23911844
slow,d1,0.1718032
slow,d1,-0.0057376297
slow,d1,0.027434574
slow,d1,-0.10788426
slow,d1,0.25919843
slow,d1,0.10467949
slow,d1,0.29305923
slow,d1,-0.07460674
slow,d1,-0.16660243
slow,d1,0.029103123
slow,d1,-0.1144824
slow,d1,-0.0654984
slow,d1,-0.2638305
slow,d1,0.21516506
slow,d1,0.084971115
slow,d1,-0.062804386
slow,d1,0.27672163
slow,d1,0.22367944
slow,d1,-0.19296587
slow,d1,0.063747644
slow,d1,-0.1376919
slow,d1,-0.08561124
slow,d1,0.22123058
slow,d1,0.2872911
slow,d1,0.15351973
slow,d1,0.07072925
slow,d1,-0.021071743
slow,d1,-0.044565413
slow,d1,0.0031358385
slow,d1,0.23141822
slow,d1,-0.07353975
slow,d1,0.13896573
slow,d1,-0.103588246
slow,d1,-0.304603
slow,d1,0.23882005
slow,d1,0.25771102
slow,d1,0.27094918
slow,d1,-0.15074608
slow,d1,0.043802615
slow,d1,-0.06306625
slow,d1,-0.060453434
slow,d1,-0.20048974
slow,d1,0.08788578
slow,d1,-0.17129688
slow,d1,-0.0073719113
slow,d1,-0.25668052
slow,d1,0.19065611
slow,d1,-0.0011406176
slow,d1,0.16504423
slow,d1,-0.27589926
slow,d1,-0.040471915
slow,d1,-0.17192246
slow,d1,0.056597065
slow,d1,0.088092715
slow,d1,0.29874995
slow,d1,0.18803264
slow,d1,0.078373656
slow,d1,0.27279088
slow,d1,-0.20346716
slow,d1,-0.16798988
slow,d1,0.1589675
slow,d1,-0.03875547
slow,d1,-0.1574396
slow,d1,0.20745777
slow,d1,-0.18964198
slow,d1,-0.21842591
slow,d1,0.18018843
slow,d1,0.25364292
slow,d1,0.15917577
slow,d1,0.27902484
slow,d1,-0.045841534
slow,d1,-0.17137288
slow,d1,0.20995134
slow,d1,0.1306714
slow,d1,-0.07537696
slow,d1,0.23905316
slow,d1,-0.30473945
slow,d1,0.056213465
slow,d1,-0.17126662
slow,d1,-0.11552526
slow,d1,-0.12414598
slow,d1,-0.23474446
slow,d1,-0.16788413
slow,d1,-0.12439942
slow,d1,0.2171797
slow,d1,0.2859206
slow,d1,-0.006581408
slow,d1,0.2460843
slow,d1,-0.11262963
slow,d1,0.03504322
slow,d1,0.04444603
slow,d1,0.17420898
slow,d1,-0.15204473
slow,d1,-0.037953928
slow,d1,0.18602605
slow,d1,-0.22758718
slow,d1,0.11792103
slow,d1,-0.15103546
slow,d1,-0.27497965
slow,d1,0.060107253
slow,d1,0.09037672
slow,d1,-0.27565244
slow,d1,0.07325729
slow,d1,0.29333884
slow,d1,0.0420378
slow,d1,0.062458936
slow,d1,-0.28358275
slow,d1,-0.12588237
slow,d1,-0.27498907
slow,d1,-0.010732886
slow,d1,-0.23855259
slow,d1,0.038878184
slow,d1,-0.1213522
slow,d1,0.25932738
slow,d1,0.15603371
slow,d1,0.23955709
slow,d1,0.16560014
slow,d1,-0.009716297
slow,d1,0.20811474
slow,d1,0.13287891
slow,d1,0.18027183
slow,d1,0.051667
slow,d1,0.14204115
slow,d1,0.18618718
slow,d1,0.26548025
slow,d1,0.1985194
slow,d1,0.08145333
slow,d1,-0.012882551
slow,d1,-0.1408266
slow,d1,-0.088605806
slow,d1,-0.26803753
slow,d1,0.20504247
slow,d1,0.012708761
slow,d1,-0.17275763
slow,d1,0.04768373
slow,d1,0.21523999
slow,d1,-0.23534358
slow,d1,0.15006486
slow,d1,-0.0026050543
slow,d1,0.053966317
slow,d1,-0.1140595
slow,d1,-0.06789047
slow,d1,-0.069829255
slow,d1,0.29688907
slow,d1,-0.030639114
slow,d1,0.07585742
slow,d1,-0.09339453
slow,d1,0.03950981
slow,d1,0.21999772
slow,d1,-0.25987205
slow,d1,0.25998464
slow,d1,0.08494273
slow,d1,0.18506478
slow,d1,-0.041964546
slow,d1,-0.055410154
slow,d1,-0.15546681
slow,d1,0.2231272
slow,d1,-0.13971725
slow,d1,-0.17290574
slow,d1,0.032533783
slow,d1,-0.12540269
slow,d1,0.023614906
slow,d1,0.03015823
slow,d1,-0.2790866
slow,d1,0.06447621
slow,d1,-0.045116004
slow,d1,0.031367622
slow,d1,0.24499935
slow,d1,-0.08454617
slow,d1,0.0005927352
slow,d1,-0.10123355
slow,d1,-0.19290492
slow,d1,-0.1469831
slow,d1,0.23011287
slow,d1,0.29486668
slow,d1,-0.2792486
slow,d1,-0.10201427
slow,d1,-0.050606083
slow,d1,0.13538839
slow,d1,-0.10228395
slow,d1,0.25414222
slow,d1,0.22857623
slow,d1,-0.15653515
slow,d1,0.18814588
slow,d1,0.15760314
slow,d1,-0.111172855
slow,d1,0.03861918
slow,d1,-0.15970941
slow,d1,-0.16814266
slow,d1,0.26749733
slow,d1,-0.110270634
slow,d1,-0.13195664
slow,d1,0.15388036
slow,d1,-0.07307466
slow,d1,-0.25728762
slow,d1,-0.13582383
slow,d1,-0.06058599
slow,d1,0.005119354
slow,d1,0.1545145
slow,d1,-0.12190495
slow,d1,0.017474717
slow,d1,0.27390015
slow,d1,0.28717017
slow,d1,-0.17118198
slow,d1,0.15825711
slow,d1,0.03403889
slow,d1,0.16216026
slow,d1,0.0026853245
slow,d1,-0.18178849
slow,d1,-0.069243446
slow,d1,0.015138083
slow,d1,-0.043861143
slow,d1,-0.18742973
slow,d1,0.07434187
slow,d1,0.21901928
slow,d1,-0.26239678
slow,d1,0.01179417
slow,d1,0.051179048
slow,d1,-0.07043257
slow,d1,0.29323226
slow,d1,-0.18975201
slow,d1,-0.203027
slow,d1,-0.08673681
slow,d1,0.21130449
slow,d1,-0.02774452
slow,d1,0.22062667
slow,d1,0.048198584
slow,d1,0.07693039
slow,d1,-0.052038547
slow,d1,0.09536877
slow,d1,-0.060928553
slow,d1,-0.2836642
slow,d1,0.050463
slow,d1,0.26810548
slow,d1,0.20855004
slow,d1,-0.19311689
slow,d1,0.001964151
slow,d1,-0.057884473
slow,d1,0.060925737
slow,d1,-0.21091826
slow,d1,-0.13522083
slow,d1,-0.09296155
slow,d1,-0.27250206
slow,d1,-0.042346366
slow,d1,0.035648726
slow,d1,0.17921059
slow,d1,-0.18044631
slow,d1,0.052625217
slow,d1,-0.19340017
slow,d1,-0.16313487
slow,d1,-0.15081692
slow,d1,0.23126037
slow,d1,0.02677675
slow,d1,0.13292666
slow,d1,0.1950196
slow,d1,0.17675205
slow,d1,0.032666426
slow,d1,0.23842822
slow,d1,-0.10310375
slow,d1,-0.063963726
slow,d1,-0.021808187
slow,d1,-0.0383311
slow,d1,-0.017183442
slow,d1,-0.15846549
slow,d1,-0.20643015
slow,d1,0.11296882
slow,d1,-0.06115395
slow,d1,-0.24781883
slow,d1,0.16606362
slow,d1,-0.14942126
slow,d1,-0.18134485
slow,d1,0.037375014
slow,d1,0.072516605
slow,d1,0.23446551
slow,d1,0.28125077
slow,d1,0.08181219
slow,d1,0.012432714
slow,d1,-0.021541491
slow,d1,-0.14572686
slow,d1,-0.17039299
slow,d1,-0.24801326
slow,d1,-0.25953197
slow,d1,-0.26562452
slow,d1,-0.20940995
slow,d1,-0.09148631
slow,d1,0.18099412
slow,d1,0.26117525
slow,d1,-0.0610093
slow,d1,-0.255109
slow,d1,-0.26354325
slow,d1,-0.10594425
slow,d1,0.14021489
slow,d1,0.11416075
slow,d1,0.087833025
slow,d1,0.040397678
slow,d1,-0.067416474
slow,d1,0.1699857
slow,d1,-0.26498526
slow,d1,-0.27239016
slow,d1,-0.08524954
slow,d1,-0.22356647
slow,d1,0.26606214
slow,d1,0.13310418
slow,d1,0.16604018
slow,d1,0.10391029
slow,d1,-0.07512931
slow,d1,-0.20172194
slow,d1,0.031791557
slow,d1,0.25476283
slow,d1,-0.0884003
slow,d1,-0.10395371
slow,d1,0.078202926
slow,d1,-0.16456221
slow,d1,-0.22705433
slow,d1,-0.17053327
slow,d1,0.017800367
slow,d1,-0.15130673
slow,d1,0.15879317
slow,d1,-0.12865356
slow,d1,-0.041513048
slow,d1,0.20762545
slow,d1,-0.22283192
slow,d1,-0.03544228
slow,d1,-0.18226731
slow,d1,0.046107415
slow,d1,-0.20618297
slow,d1,-0.16806054
slow,d1,-0.22303249
slow,d1,-0.11559202
slow,d1,0.114365
slow,d1,0.086881526
slow,d1,0.24693681
slow,d1,-0.035693675
slow,d1,-0.007131025
slow,d1,-0.13959317
slow,d1,-0.19391032
slow,d1,0.14913753
slow,d1,0.14479627
slow,d1,-0.049590234
slow,d1,0.17126624
slow,d1,-0.24018808
slow,d1,-0.12649836
slow,d1,-0.1033035
slow,d1,-0.08317701
slow,d1,-0.22489417
slow,d1,-0.19884787
slow,d1,-0.24110183
slow,d1,-0.28645548
slow,d1,0.0074512553
slow,d1,0.10439925
slow,d1,-0.27349344
slow,d1,-0.09196564
slow,d1,0.10663689
slow,d1,0.14114021
slow,d1,0.13051963
slow,d1,0.23443572
slow,d1,-0.017589465
slow,d1,0.14685817
slow,d1,-0.021528363
slow,d1,0.16523774
slow,d1,0.028646732
slow,d1,0.017516173
slow,d1,-0.10105352
slow,d1,0.066819064
slow,d1,0.20744665
slow,d1,-0.032551438
slow,d1,0.29159975
slow,d1,-0.07330672
slow,d1,0.002169327
slow,d1,-0.24686383
slow,d1,0.18985139
slow,d1,0.12047049
slow,d1,-0.1838368
slow,d1,-0.15235525
slow,d1,-0.098696314
slow,d1,-0.18888752
slow,d1,-0.27214193
slow,d1,0.11125578
slow,d1,-0.27841696
slow,d1,0.057858117
slow,d1,-0.20837002
slow,d1,0.17574383
slow,d1,0.09643135
slow,d1,-0.121205114
slow,d1,0.068381146
slow,d1,0.001747596
slow,d1,0.093298346
slow,d1,-0.02870636
slow,d1,-0.21825732
slow,d1,0.06361038
slow,d1,-0.17856348
slow,d1,-0.18031102
slow,d1,-0.22351848
slow,d1,-0.19307894
slow,d1,0.11620436
slow,d1,0.20401166
slow,d1,0.25866616
slow,d1,-0.043773737
slow,d1,0.25271478
slow,d1,0.20449449
slow,d1,-0.061003156
slow,d1,-0.09589237
slow,d1,0.050288353
slow,d1,-0.16735981
slow,d1,-0.24692641
slow,d1,-0.04900297
slow,d1,-0.016009506
slow,d1,-0.22337894
slow,d1,-0.20177957
slow,d1,0.16226165
slow,d1,-0.26020598
slow,d1,0.20951582
slow,d1,0.23817821
slow,d1,0.11747786
slow,d1,0.26789427
slow,d1,0.14004795
slow,d1,0.067242935
slow,d1,0.14287198
slow,d1,0.17761922
slow,d1,-0.115660414
slow,d1,-0.1642823
slow,d1,-0.044451486
slow,d1,-0.02133026
slow,d1,-0.18254973
slow,d1,0.01641133
slow,d1,-0.08754508
slow,d1,0.09731117
slow,d1,0.14788462
slow,d1,0.110015064
slow,d1,-0.04592729
slow,d1,-0.16684166
slow,d1,-0.076982714
slow,d1,0.055986322
slow,d1,-0.07185669
slow,d1,-0.1333581
slow,d1,-0.10325035
slow,d1,-0.25353098
slow,d1,-0.28700173
slow,d1,0.2054606
slow,d1,-0.108019486
slow,d1,0.21170199
slow,d1,-0.2717271
slow,d1,-0.212289
slow,d1,-0.050266452
slow,d1,-0.2662083
slow,d1,0.014795597
slow,d1,-0.1157999
slow,d1,-0.10896002
slow,d1,0.20417233
slow,d1,-0.25200683
slow,d1,-0.16625835
slow,d1,-0.2037652
slow,d2,0.0927809
slow,d2,0.19411042
slow,d2,-0.072001696
slow,d2,-0.048373822
slow,d2,0.24155524
slow,d2,0.008273131
slow,d2,0.18634757
slow,d2,-0.095237985
slow,d2,0.18395184
slow,d2,0.064808846
slow,d2,0.15131706
slow,d2,-0.058441453
slow,d2,0.25259528
slow,d2,0.0516973
slow,d2,0.26212174
slow,d2,0.15001367
slow,d2,-0.19991578
slow,d2,-0.0825544
slow,d2,-0.036987152
slow,d2,0.21983445
slow,d2,-0.21861373
slow,d2,0.015057186
slow,d2,0.062738076
slow,d2,0.234124
slow,d2,0.0500598
slow,d2,-0.12909436
slow,d2,0.20439571
slow,d2,0.26959506
slow,d2,0.083728775
slow,d2,-0.29486424
slow,d2,0.25713655
slow,d2,0.18764415
slow,d2,0.13539967
slow,d2,-0.21404395
slow,d2,0.22967748
slow,d2,0.16259024
slow,d2,-0.06707723
slow,d2,0.29190588
slow,d2,-0.26663882
slow,d2,0.15094365
slow,d2,0.22523233
slow,d2,0.012294254
slow,d2,0.019587506
slow,d2,-0.046626106
slow,d2,0.057883695
slow,d2,0.2657565
slow,d2,-0.10461863
slow,d2,0.2057376
slow,d2,-0.29533947
slow,d2,0.20249288
slow,d2,-0.100943886
slow,d2,0.17425564
slow,d2,-0.2350372
slow,d2,0.23627836
slow,d2,-0.031423185
slow,d2,-0.10086949
slow,d2,0.018311696
slow,d2,-0.12995149
slow,d2,0.17890276
slow,d2,-0.2874046
slow,d2,0.0056498596
slow,d2,0.027391054
slow,d2,-0.009546463
slow,d2,0.2740758
slow,d2,0.082336985
slow,d2,0.106654204
slow,d2,-0.1025364
slow,d2,-0.036122918
slow,d2,0.28979382
slow,d2,0.23052448
slow,d2,0.13349956
slow,d2,0.24495076
slow,d2,-0.15197398
slow,d2,-0.18344854
slow,d2,-0.012800986
slow,d2,0.2079724
slow,d2,-0.11459672
slow,d2,-0.05413967
slow,d2,-0.13124941
slow,d2,-0.05930456
slow,d2,0.19390921
slow,d2,-0.26246017
slow,d2,-0.12443483
slow,d2,-0.017415741
slow,d2,-0.26463944
slow,d2,0.041797895
slow,d2,0.124277785
slow,d2,0.21867472
slow,d2,0.1792552
slow,d2,-0.11650679
slow,d2,-0.28776348
slow,d2,-0.04105455
slow,d2,-0.10092921
slow,d2,-0.06741917
slow,d2,0.15391046
slow,d2,0.05426867
slow,d2,-0.13255003
slow,d2,-0.1060281
slow,d2,0.26031882
slow,d2,-0.13158129
slow,d2,0.2713796
slow,d2,-0.11371102
slow,d2,-0.006204425
slow,d2,-0.24601597
slow,d2,0.17627168
slow,d2,-0.19886936
slow,d2,-0.07461663
slow,d2,0.16628109
slow,d2,0.19212393
slow,d2,-0.0955462
slow,d2,-0.07231335
slow,d2,-0.15410161
slow,d2,-0.09856757
slow,d2,0.04780373
slow,d2,0.14221591
slow,d2,0.20781583
slow,d2,-0.25505885
slow,d2,0.20476766
slow,d2,0.12514473
slow,d2,0.09678939
slow,d2,-0.060807142
slow,d2,0.15686439
slow,d2,0.17517638
slow,d2,0.07455787
slow,d2,-0.23435773
slow,d2,0.12915903
slow,d2,-0.088809974
slow,d2,0.034077182
slow,d2,-0.14678618
slow,d2,-0.26506642
slow,d2,-0.008124221
slow,d2,-0.25389054
slow,d2,0.08917738
slow,d2,-0.12812984
slow,d2,-0.12429218
slow,d2,-0.029384729
slow,d2,-0.24886082
slow,d2,0.23686458
slow,d2,0.104273304
slow,d2,-0.27058414
slow,d2,0.19135877
slow,d2,0.11712544
slow,d2,-0.15311609
slow,d2,0.108052075
slow,d2,0.15586469
slow,d2,0.018428318
slow,d2,0.0078322515
slow,d2,-0.050640665
slow,d2,-0.01751064
slow,d2,0.23157494
slow,d2,0.24341795
slow,d2,-0.19390829
slow,d2,-0.17711255
slow,d2,-0.22494578
slow,d2,0.12402082
slow,d2,-0.11075605
slow,d2,-0.018550316
slow,d2,0.18292724
slow,d2,-0.18744527
slow,d2,-0.28046954
slow,d2,0.06898359
slow,d2,0.28479224
slow,d2,-0.15029292
slow,d2,-0.1422041
slow,d2,0.025019612
slow,d2,-0.060599506
slow,d2,-0.2561704
slow,d2,-0.2634754
slow,d2,0.1536616
slow,d2,-0.2644931
slow,d2,0.26089686
slow,d2,-0.027997302
slow,d2,0.19718057
slow,d2,-0.15640579
slow,d2,-0.07985488
slow,d2,-0.29558703
slow,d2,-0.11371174
slow,d2,-0.24757525
slow,d2,0.06428568
slow,d2,0.19296646
slow,d2,0.123079315
slow,d2,0.083405755
slow,d2,-0.15436295
slow,d2,-0.20763086
slow,d2,-0.12104194
slow,d2,-0.16653316
slow,d2,0.22483023
slow,d2,0.22421543
slow,d2,-0.04252328
slow,d2,0.27005342
slow,d2,0.011207603
slow,d2,-0.21985802
slow,d2,0.12970239
slow,d2,0.17700331
slow,d2,0.27430758
slow,d2,-0.2585818
slow,d2,0.27520528
slow,d2,-0.15989754
slow,d2,0.20493798
slow,d2,-0.28620753
slow,d2,-0.10958982
slow,d2,0.20025808
slow,d2,-0.14712133
slow,d2,0.096877165
slow,d2,-0.016511127
slow,d2,0.15438741
slow,d2,0.098759755
slow,d2,0.22103627
slow,d2,0.25320247
slow,d2,0.23568065
slow,d2,-0.2651434
slow,d2,0.019056404
slow,d2,-0.19349898
slow,d2,-0.12904245
slow,d2,-0.21005157
slow,d2,0.060471576
slow,d2,-0.13309503
slow,d2,-0.24431483
slow,d2,-0.021662435
slow,d2,-0.08336671
slow,d2,0.081665725
slow,d2,0.2201673
slow,d2,-0.104912974
slow,d2,-0.02765328
slow,d2,-0.030071098
slow,d2,0.029418314
slow,d2,0.29508045
slow,d2,-0.27541116
slow,d2,-0.06568725
slow,d2,-0.09007252
slow,d2,0.28418243
slow,d2,0.11192082
slow,d2,-0.108135305
slow,d2,0.29062966
slow,d2,-0.09398666
slow,d2,-0.07783725
slow,d2,-0.000108856555
slow,d2,-0.28310305
slow,d2,-0.22807267
slow,d2,0.18008272
slow,d2,-0.16607442
slow,d2,-0.18866512
slow,d2,0.04008796
slow,d2,-0.058587976
slow,d2,0.19156744
slow,d2,-0.19719113
slow,d2,-0.027537163
slow,d2,0.10926645
slow,d2,0.21225576
slow,d2,0.047430716
slow,d2,0.12968442
slow,d2,-0.059714537
slow,d2,-0.1436894
slow,d2,0.19726864
slow,d2,0.14585002
slow,d2,0.25759205
slow,d2,0.14943995
slow,d2,-0.03768196
slow,d2,0.020613309
slow,d2,-0.26116878
slow,d2,0.036487833
slow,d2,0.22971274
slow,d2,0.29567438
slow,d2,0.044661283
slow,d2,-0.12966578
slow,d2,-0.19939032
slow,d2,0.20167422
slow,d2,0.16323881
slow,d2,-0.002494055
slow,d2,0.071714915
slow,d2,0.04825028
slow,d2,0.13140993
slow,d2,-0.19816823
slow,d2,0.11586157
slow,d2,0.09903188
slow,d2,0.09985039
slow,d2,-0.16573203
slow,d2,-0.16916026
slow,d2,0.18632114
slow,d2,-0.07605564
slow,d2,-0.11159333
slow,d2,-0.13751802
slow,d2,0.17797996
slow,d2,0.15430209
slow,d2,0.15262938
slow,d2,-0.12798417
slow,d2,0.057624098
slow,d2,0.2230807
slow,d2,-0.1562536
slow,d2,-0.014659536
slow,d2,0.008337294
slow,d2,0.26763758
slow,d2,-0.0893996
slow,d2,0.06755045
slow,d2,0.08744909
slow,d2,0.17592277
slow,d2,-0.22048756
slow,d2,-0.17551745
slow,d2,0.030271119
slow,d2,0.2519476
slow,d2,-0.17555751
slow,d2,0.224698
slow,d2,0.19256389
slow,d2,-0.2729158
slow,d2,-0.28578216
slow,d2,0.0313783
slow,d2,-0.070552565
slow,d2,-0.029137716
slow,d2,-0.12969942
slow,d2,-0.066319175
slow,d2,0.029732792
slow,d2,-0.11450768
slow,d2,0.20503654
slow,d2,0.10377646
slow,d2,-0.15980288
slow,d2,0.17912236
slow,d2,-0.12817349
slow,d2,-0.0052216304
slow,d2,0.23405367
slow,d2,0.19219673
slow,d2,-0.056650754
slow,d2,0.06499741
slow,d2,0.26370296
slow,d2,-0.05801591
slow,d2,0.048468605
slow,d2,-0.15690054
slow,d2,0.19279948
slow,d2,0.29260042
slow,d2,0.22905026
slow,d2,0.18812416
slow,d2,0.16028066
slow,d2,-0.10499291
slow,d2,-0.1247804
slow,d2,-0.009799144
slow,d2,-0.27945137
slow,d2,0.028128048
slow,d2,0.26865256
slow,d2,0.20753428
slow,d2,0.15025249
slow,d2,-0.008294833
slow,d2,0.23973098
slow,d2,-0.087234065
slow,d2,0.24716058
slow,d2,0.067335665
slow,d2,0.006460209
slow,d2,-0.068554975
slow,d2,-0.14554754
slow,d2,-0.24528188
slow,d2,0.24345256
slow,d2,-0.15488853
slow,d2,0.013971345
slow,d2,0.17301103
slow,d2,-0.27159536
slow,d2,0.264173
slow,d2,0.07232183
slow,d2,0.12107791
slow,d2,-0.26399183
slow,d2,-0.2531886
slow,d2,0.1539612
slow,d2,-0.036545478
slow,d2,-0.1636452
slow,d2,0.17155464
slow,d2,0.0029899986
slow,d2,-0.07025239
slow,d2,0.2342773
slow,d2,-0.1259446
slow,d2,0.21442746
slow,d2,-0.22529353
slow,d2,0.050403375
slow,d2,0.10738367
slow,d2,0.12021715
slow,d2,-0.27161384
slow,d2,-0.283822
slow,d2,0.11059368
slow,d2,0.08064184
slow,d2,0.22950965
slow,d2,-0.016302764
slow,d2,0.017246464
slow,d2,-0.24894385
slow,d2,0.27143836
slow,d2,-0.07411322
slow,d2,-0.18013208
slow,d2,0.27322808
slow,d2,0.018885458
slow,d2,0.2292279
slow,d2,0.17737351
slow,d2,-0.047022372
slow,d2,-0.066653796
slow,d2,-0.24628481
slow,d2,-0.27583525
slow,d2,0.28884193
slow,d2,-0.094911516
slow,d2,-0.28474385
slow,d2,-0.17327856
slow,d2,-0.2491396
slow,d2,-0.03650147
slow,d2,0.17079945
slow,d2,0.1228369
slow,d2,0.11686205
slow,d2,0.02679536
slow,d2,-0.07354386
slow,d2,0.07592384
slow,d2,0.06461576
slow,d2,-0.24742822
slow,d2,0.25444797
slow,d2,0.24060458
slow,d2,-0.0933373
slow,d2,-0.048150126
slow,d2,0.27013716
slow,d2,0.00082198775
slow,d2,-0.009944791
slow,d2,0.1898971
slow,d2,-0.14999
slow,d2,0.16111365
slow,d2,-0.2977547
slow,d2,0.27385998
slow,d2,-0.10027845
slow,d2,0.21110307
slow,d2,0.28057736
slow,d2,-0.1811518
slow,d2,-0.25850374
slow,d2,0.032017417
slow,d2,-0.24771331
slow,d2,-0.16077895
slow,d2,-0.29074
slow,d2,-0.18831123
slow,d2,0.123384684
slow,d2,0.26902124
slow,d2,-0.06799099
slow,d2,0.088399775
slow,d2,0.2207883
slow,d2,-0.22037607
slow,d2,-0.10546783
slow,d2,0.23114528
slow,d2,0.036525182
slow,d2,0.16465473
slow,d2,0.21500619
slow,d2,-0.04069037
slow,d2,0.21591756
slow,d2,-0.16282222
slow,d2,0.24930848
slow,d2,-0.0021565454
slow,d2,-0.14307517
slow,d2,0.24634688
slow,d2,0.2844349
slow,d2,0.08050913
slow,d2,-0.21659695
slow,d2,0.21780074
slow,d2,0.18301253
slow,d2,-0.2746498
slow,d2,-0.17635715
slow,d2,-0.08903852
slow,d2,0.25546983
slow,d2,-0.10425598
slow,d2,-0.018853642
slow,d2,-0.042292673
slow,d2,-0.06595937
slow,d2,0.19273737
slow,d2,-0.00983284
slow,d2,-0.11337956
slow,d2,-0.2750114
slow,d2,0.035872288
slow,d2,0.2303442
slow,d2,0.23848104
slow,d2,-0.008924587
slow,d2,-0.090273835
slow,d2,0.2120875
slow,d2,-0.23625709
slow,d2,-0.102641396
slow,d2,0.2334026
slow,d2,0.13714878
slow,d2,0.09409594
slow,d2,-0.11544654
slow,d2,-0.10818382
slow,d2,0.0828974
slow,d2,0.08075283
slow,d2,-0.024341889
slow,d2,0.1385101
slow,d2,-0.15504616
slow,d2,-0.035096183
slow,d2,0.29773608
slow,d2,-0.024148094
slow,d2,0.14154682
slow,d2,0.11370832
slow,d2,-0.15541098
slow,d2,0.10840758
slow,d2,0.082642056
slow,d2,-0.03622512
slow,d2,0.03992965
slow,d2,0.06428529
slow,d2,-0.07335057
slow,d2,-0.17265952
slow,d2,-0.26651967
slow,d2,0.19151644
slow,d2,-0.19966125
slow,d2,0.021845365
slow,d2,-0.29001397
slow,d2,0.19973534
slow,d2,0.2564674
slow,d2,-0.15783447
slow,d2,0.0032430664
slow,d2,-0.2878681
slow,d2,0.05264081
slow,d2,-0.28372705
slow,d2,-0.23803076
slow,d2,0.02212537
slow,d2,0.28927398
slow,d2,0.028926928
slow,d2,0.20795509
slow,d2,-0.16858156
slow,d2,0.039048724
slow,d2,0.031000469
slow,d2,-0.005803708
slow,d2,0.12582277
slow,d2,-0.07929784
slow,d2,-0.0028547926
slow,d2,-0.14512542
slow,d2,-0.24889152
slow,d2,-0.06377163
slow,d2,-0.079231635
slow,d2,-0.21110824
slow,d2,0.05256368
slow,d2,-0.1826796
slow,d2,0.05699866
slow,d2,0.25048095
slow,d2,-0.04555227
slow,d2,0.20668137
slow,d2,-0.13925357
slow,d2,0.09258475
slow,d2,0.10127862
slow,d2,0.18680026
slow,d2,-0.046541918
slow,d2,0.051181976
slow,d2,-0.28473696
slow,d2,-0.2684822
slow,d2,-0.1596996
slow,d2,0.124559246
slow,d2,0.26356503
slow,d2,0.25129998
slow,d2,0.07972931
slow,d2,-0.2923581
slow,d2,0.18372032
slow,d2,-0.17204806
slow,d2,0.041806474
slow,d2,0.15223946
slow,d2,-0.1842065
slow,d2,0.29645658
slow,d2,-0.29842418
slow,d2,0.16421936
slow,d2,-0.024838999
slow,d2,0.2732138
slow,d2,-0.2797623
slow,d2,0.080394745
slow,d2,0.0027898478
slow,d2,0.05375161
slow,d2,0.07644156
slow,d2,0.10929515
slow,d2,0.11432599
slow,d2,0.27467042
slow,d2,0.21800965
slow,d2,-0.03345106
slow,d2,-0.18012571
slow,d2,0.0931047
slow,d2,0.03631668
slow,d2,0.24932851
slow,d2,-0.034730464
slow,d2,0.027767407
slow,d2,-0.23367956
slow,d2,-0.06395756
slow,d2,-0.21300717
slow,d2,-0.25790974
slow,d2,-0.13907582
slow,d2,0.010713525
slow,d2,-0.104966715
slow,d2,0.28469318
slow,d2,-0.2029339
slow,d2,-0.25489083
slow,d2,0.07712526
slow,d2,-0.25539947
slow,d2,0.08698524
slow,d2,0.14393105
slow,d2,-0.13327417
slow,d2,0.097200714
slow,d2,-0.12816657
slow,d2,-0.027133951
slow,d2,-0.177493
slow,d2,0.21159452
slow,d2,-0.17613663
slow,d2,0.08817615
slow,d2,0.15359534
slow,d2,0.15897532
slow,d2,0.26183075
slow,d2,-0.03576906
slow,d2,-0.02229139
slow,d2,0.10843074
slow,d2,0.2547484
slow,d2,-0.21776788
slow,d2,0.17144047
slow,d2,0.162592
slow,d2,-0.1333957
